entityId,entityType,queryAddress,status,provider,httpStatus,matchedRoad,matchedHouseNumber,matchedBorough,matchedCity,matchedCountry,placeRank,latitude,longitude,osmType,osmId,matchedName,matchedAddress,checkedAt,requestUrl,addressSource,license,attribution,rawResponse
CENTER-NR,center,서울특별시 동작구 노들로 674,SUCCESS_EXACT_ADDRESS,Nominatim / OpenStreetMap,200,노들로,674,동작구,서울특별시,kr,30,37.5147164,126.9377367,way,606419988,노량진수산시장,"노량진수산시장, 674, 노들로, 노량진동, 노량진2동, 동작구, 서울특별시, 06900, 대한민국",2026-09-11T00:39:14.564638+00:00,https://nominatim.openstreetmap.org/search?q=%EC%84%9C%EC%9A%B8%ED%8A%B9%EB%B3%84%EC%8B%9C+%EB%8F%99%EC%9E%91%EA%B5%AC+%EB%85%B8%EB%93%A4%EB%A1%9C+674&format=jsonv2&addressdetails=1&limit=3&countrycodes=kr&accept-language=ko,https://www.susansijang.co.kr/nsis/miw/ko/intro,ODbL-1.0,© OpenStreetMap contributors,"[{""place_id"":222316180,""licence"":""Data © OpenStreetMap contributors, ODbL 1.0. http://osm.org/copyright"",""osm_type"":""way"",""osm_id"":606419988,""lat"":""37.5147164"",""lon"":""126.9377367"",""category"":""building"",""type"":""retail"",""place_rank"":30,""importance"":7.29800869763793e-05,""addresstype"":""building"",""name"":""노량진수산시장"",""display_name"":""노량진수산시장, 674, 노들로, 노량진동, 노량진2동, 동작구, 서울특별시, 06900, 대한민국"",""address"":{""building"":""노량진수산시장"",""house_number"":""674"",""road"":""노들로"",""quarter"":""노량진동"",""suburb"":""노량진2동"",""borough"":""동작구"",""city"":""서울특별시"",""ISO3166-2-lvl4"":""KR-11"",""postcode"":""06900"",""country"":""대한민국"",""country_code"":""kr""},""boundingbox"":[""37.5143117"",""37.5151824"",""126.9361014"",""126.9393720""]},{""place_id"":220373830,""licence"":""Data © OpenStreetMap contributors, ODbL 1.0. http://osm.org/copyright"",""osm_type"":""node"",""osm_id"":12074627615,""lat"":""37.5148189"",""lon"":""126.9366695"",""category"":""amenity"",""type"":""restaurant"",""place_rank"":30,""importance"":7.29800869763793e-05,""addresstype"":""amenity"",""name"":""강변식당"",""display_name"":""강변식당, 674, 노들로, 노량진동, 노량진2동, 동작구, 서울특별시, 06900, 대한민국"",""address"":{""amenity"":""강변식당"",""house_number"":""674"",""road"":""노들로"",""quarter"":""노량진동"",""suburb"":""노량진2동"",""borough"":""동작구"",""city"":""서울특별시"",""ISO3166-2-lvl4"":""KR-11"",""postcode"":""06900"",""country"":""대한민국"",""country_code"":""kr""},""boundingbox"":[""37.5147689"",""37.5148689"",""126.9366195"",""126.9367195""]},{""place_id"":220386840,""licence"":""Data © OpenStreetMap contributors, ODbL 1.0. http://osm.org/copyright"",""osm_type"":""node"",""osm_id"":12074329756,""lat"":""37.5147904"",""lon"":""126.9369487"",""category"":""amenity"",""type"":""restaurant"",""place_rank"":30,""importance"":7.29800869763793e-05,""addresstype"":""amenity"",""name"":""끄트머리"",""display_name"":""끄트머리, 674, 노들로, 노량진동, 노량진2동, 동작구, 서울특별시, 06900, 대한민국"",""address"":{""amenity"":""끄트머리"",""house_number"":""674"",""road"":""노들로"",""quarter"":""노량진동"",""suburb"":""노량진2동"",""borough"":""동작구"",""city"":""서울특별시"",""ISO3166-2-lvl4"":""KR-11"",""postcode"":""06900"",""country"":""대한민국"",""country_code"":""kr""},""boundingbox"":[""37.5147404"",""37.5148404"",""126.9368987"",""126.9369987""]}]"
S01,branch,서울특별시 마포구 월드컵로 212,SUCCESS_EXACT_ADDRESS,Nominatim / OpenStreetMap,200,월드컵로,212,마포구,서울특별시,kr,30,37.5663245,126.9014910,node,12466360098,마포구보건소,"마포구보건소, 212, 월드컵로, 성산동, 성산2동, 마포구, 서울특별시, 03937, 대한민국",2026-09-11T00:39:16.595071+00:00,https://nominatim.openstreetmap.org/search?q=%EC%84%9C%EC%9A%B8%ED%8A%B9%EB%B3%84%EC%8B%9C+%EB%A7%88%ED%8F%AC%EA%B5%AC+%EC%9B%94%EB%93%9C%EC%BB%B5%EB%A1%9C+212&format=jsonv2&addressdetails=1&limit=3&countrycodes=kr&accept-language=ko,https://www.seoul.go.kr/seoul/autonomy.do,ODbL-1.0,© OpenStreetMap contributors,"[{""place_id"":222664031,""licence"":""Data © OpenStreetMap contributors, ODbL 1.0. http://osm.org/copyright"",""osm_type"":""node"",""osm_id"":12466360098,""lat"":""37.5663245"",""lon"":""126.9014910"",""category"":""amenity"",""type"":""clinic"",""place_rank"":30,""importance"":7.29800869763793e-05,""addresstype"":""amenity"",""name"":""마포구보건소"",""display_name"":""마포구보건소, 212, 월드컵로, 성산동, 성산2동, 마포구, 서울특별시, 03937, 대한민국"",""address"":{""amenity"":""마포구보건소"",""house_number"":""212"",""road"":""월드컵로"",""quarter"":""성산동"",""suburb"":""성산2동"",""borough"":""마포구"",""city"":""서울특별시"",""ISO3166-2-lvl4"":""KR-11"",""postcode"":""03937"",""country"":""대한민국"",""country_code"":""kr""},""boundingbox"":[""37.5662745"",""37.5663745"",""126.9014410"",""126.9015410""]},{""place_id"":418125223,""licence"":""Data © OpenStreetMap contributors, ODbL 1.0. http://osm.org/copyright"",""osm_type"":""node"",""osm_id"":13851202569,""lat"":""37.5658546"",""lon"":""126.9009476"",""category"":""shop"",""type"":""hairdresser"",""place_rank"":30,""importance"":7.29800869763793e-05,""addresstype"":""shop"",""name"":""하지송 헤어월드"",""display_name"":""하지송 헤어월드, 212, 월드컵로, 성산동, 성산2동, 마포구, 서울특별시, 03937, 대한민국"",""address"":{""shop"":""하지송 헤어월드"",""house_number"":""212"",""road"":""월드컵로"",""quarter"":""성산동"",""suburb"":""성산2동"",""borough"":""마포구"",""city"":""서울특별시"",""ISO3166-2-lvl4"":""KR-11"",""postcode"":""03937"",""country"":""대한민국"",""country_code"":""kr""},""boundingbox"":[""37.5658046"",""37.5659046"",""126.9008976"",""126.9009976""]}]"
S02,branch,서울특별시 서대문구 연희로 248,SUCCESS_EXACT_ADDRESS,Nominatim / OpenStreetMap,200,연희로,248,서대문구,서울특별시,kr,30,37.5791820,126.9367984,node,1968205555,서대문구청,"서대문구청, 248, 연희로, 연희동, 서대문구, 서울특별시, 03718, 대한민국",2026-09-11T00:39:18.283769+00:00,https://nominatim.openstreetmap.org/search?q=%EC%84%9C%EC%9A%B8%ED%8A%B9%EB%B3%84%EC%8B%9C+%EC%84%9C%EB%8C%80%EB%AC%B8%EA%B5%AC+%EC%97%B0%ED%9D%AC%EB%A1%9C+248&format=jsonv2&addressdetails=1&limit=3&countrycodes=kr&accept-language=ko,https://www.seoul.go.kr/seoul/autonomy.do,ODbL-1.0,© OpenStreetMap contributors,"[{""place_id"":223093629,""licence"":""Data © OpenStreetMap contributors, ODbL 1.0. http://osm.org/copyright"",""osm_type"":""node"",""osm_id"":1968205555,""lat"":""37.5791820"",""lon"":""126.9367984"",""category"":""amenity"",""type"":""townhall"",""place_rank"":30,""importance"":7.29800869763793e-05,""addresstype"":""amenity"",""name"":""서대문구청"",""display_name"":""서대문구청, 248, 연희로, 연희동, 서대문구, 서울특별시, 03718, 대한민국"",""address"":{""amenity"":""서대문구청"",""house_number"":""248"",""road"":""연희로"",""quarter"":""연희동"",""borough"":""서대문구"",""city"":""서울특별시"",""ISO3166-2-lvl4"":""KR-11"",""postcode"":""03718"",""country"":""대한민국"",""country_code"":""kr""},""boundingbox"":[""37.5791320"",""37.5792320"",""126.9367484"",""126.9368484""]}]"
S03,branch,서울특별시 은평구 은평로 195,SUCCESS_EXACT_ADDRESS,Nominatim / OpenStreetMap,200,은평로,195,은평구,서울특별시,kr,30,37.6024668,126.9288202,way,462688074,은평구보건소,"은평구보건소, 195, 은평로, 녹번동, 은평구, 서울특별시, 03384, 대한민국",2026-09-11T00:39:19.899828+00:00,https://nominatim.openstreetmap.org/search?q=%EC%84%9C%EC%9A%B8%ED%8A%B9%EB%B3%84%EC%8B%9C+%EC%9D%80%ED%8F%89%EA%B5%AC+%EC%9D%80%ED%8F%89%EB%A1%9C+195&format=jsonv2&addressdetails=1&limit=3&countrycodes=kr&accept-language=ko,https://www.seoul.go.kr/seoul/autonomy.do,ODbL-1.0,© OpenStreetMap contributors,"[{""place_id"":222864801,""licence"":""Data © OpenStreetMap contributors, ODbL 1.0. http://osm.org/copyright"",""osm_type"":""way"",""osm_id"":462688074,""lat"":""37.6024668"",""lon"":""126.9288202"",""category"":""amenity"",""type"":""clinic"",""place_rank"":30,""importance"":7.29800869763793e-05,""addresstype"":""amenity"",""name"":""은평구보건소"",""display_name"":""은평구보건소, 195, 은평로, 녹번동, 은평구, 서울특별시, 03384, 대한민국"",""address"":{""amenity"":""은평구보건소"",""house_number"":""195"",""road"":""은평로"",""quarter"":""녹번동"",""suburb"":""녹번동"",""borough"":""은평구"",""city"":""서울특별시"",""ISO3166-2-lvl4"":""KR-11"",""postcode"":""03384"",""country"":""대한민국"",""country_code"":""kr""},""boundingbox"":[""37.6023518"",""37.6025818"",""126.9286858"",""126.9289545""]}]"
S04,branch,서울특별시 영등포구 당산로 123,SUCCESS_EXACT_ADDRESS,Nominatim / OpenStreetMap,200,당산로,123,영등포구,서울특별시,kr,30,37.5264807,126.8956526,node,12466360091,영등포구보건소,"영등포구보건소, 123, 당산로, 당산동3가, 당산1동, 영등포구, 서울특별시, 07260, 대한민국",2026-09-11T00:39:21.911638+00:00,https://nominatim.openstreetmap.org/search?q=%EC%84%9C%EC%9A%B8%ED%8A%B9%EB%B3%84%EC%8B%9C+%EC%98%81%EB%93%B1%ED%8F%AC%EA%B5%AC+%EB%8B%B9%EC%82%B0%EB%A1%9C+123&format=jsonv2&addressdetails=1&limit=3&countrycodes=kr&accept-language=ko,https://www.seoul.go.kr/seoul/autonomy.do,ODbL-1.0,© OpenStreetMap contributors,"[{""place_id"":232020864,""licence"":""Data © OpenStreetMap contributors, ODbL 1.0. http://osm.org/copyright"",""osm_type"":""node"",""osm_id"":12466360091,""lat"":""37.5264807"",""lon"":""126.8956526"",""category"":""amenity"",""type"":""clinic"",""place_rank"":30,""importance"":7.29800869763793e-05,""addresstype"":""amenity"",""name"":""영등포구보건소"",""display_name"":""영등포구보건소, 123, 당산로, 당산동3가, 당산1동, 영등포구, 서울특별시, 07260, 대한민국"",""address"":{""amenity"":""영등포구보건소"",""house_number"":""123"",""road"":""당산로"",""quarter"":""당산동3가"",""suburb"":""당산1동"",""borough"":""영등포구"",""city"":""서울특별시"",""ISO3166-2-lvl4"":""KR-11"",""postcode"":""07260"",""country"":""대한민국"",""country_code"":""kr""},""boundingbox"":[""37.5264307"",""37.5265307"",""126.8956026"",""126.8957026""]},{""place_id"":420511008,""licence"":""Data © OpenStreetMap contributors, ODbL 1.0. http://osm.org/copyright"",""osm_type"":""node"",""osm_id"":13930561480,""lat"":""37.5259632"",""lon"":""126.8963671"",""category"":""amenity"",""type"":""restaurant"",""place_rank"":30,""importance"":7.29800869763793e-05,""addresstype"":""amenity"",""name"":""메밀이야기"",""display_name"":""메밀이야기, 123, 당산로, 당산동3가, 당산1동, 영등포구, 서울특별시, 07260, 대한민국"",""address"":{""amenity"":""메밀이야기"",""house_number"":""123"",""road"":""당산로"",""quarter"":""당산동3가"",""suburb"":""당산1동"",""borough"":""영등포구"",""city"":""서울특별시"",""ISO3166-2-lvl4"":""KR-11"",""postcode"":""07260"",""country"":""대한민국"",""country_code"":""kr""},""boundingbox"":[""37.5259132"",""37.5260132"",""126.8963171"",""126.8964171""]}]"
S05,branch,서울특별시 양천구 목동동로 257,SUCCESS_EXACT_ADDRESS,Nominatim / OpenStreetMap,200,목동동로,257,양천구,서울특별시,kr,30,37.5265200,126.8752476,way,254292805,현대,"현대, 257, 목동동로, 목1동, 양천구, 서울특별시, 07998, 대한민국",2026-09-11T00:40:36.174284+00:00,https://nominatim.openstreetmap.org/search?q=%EC%84%9C%EC%9A%B8%ED%8A%B9%EB%B3%84%EC%8B%9C+%EC%96%91%EC%B2%9C%EA%B5%AC+%EB%AA%A9%EB%8F%99%EB%8F%99%EB%A1%9C+257&format=jsonv2&addressdetails=1&limit=3&countrycodes=kr&accept-language=ko,https://www.e-hyundai.com/newPortal/DP/DP000000_V.do?branchCd=B00142000,ODbL-1.0,© OpenStreetMap contributors,"[{""place_id"":222644824,""licence"":""Data © OpenStreetMap contributors, ODbL 1.0. http://osm.org/copyright"",""osm_type"":""way"",""osm_id"":254292805,""lat"":""37.5265200"",""lon"":""126.8752476"",""category"":""shop"",""type"":""department_store"",""place_rank"":30,""importance"":7.29800869763793e-05,""addresstype"":""shop"",""name"":""현대"",""display_name"":""현대, 257, 목동동로, 목1동, 양천구, 서울특별시, 07998, 대한민국"",""address"":{""shop"":""현대"",""house_number"":""257"",""road"":""목동동로"",""suburb"":""목1동"",""borough"":""양천구"",""city"":""서울특별시"",""ISO3166-2-lvl4"":""KR-11"",""postcode"":""07998"",""country"":""대한민국"",""country_code"":""kr""},""boundingbox"":[""37.5261639"",""37.5268761"",""126.8747284"",""126.8757668""]},{""place_id"":418122577,""licence"":""Data © OpenStreetMap contributors, ODbL 1.0. http://osm.org/copyright"",""osm_type"":""node"",""osm_id"":13851199923,""lat"":""37.5271042"",""lon"":""126.8754276"",""category"":""shop"",""type"":""hairdresser"",""place_rank"":30,""importance"":7.29800869763793e-05,""addresstype"":""shop"",""name"":""스파리움 현대백화점 목동점"",""display_name"":""스파리움 현대백화점 목동점, 257, 목동동로, 목1동, 양천구, 서울특별시, 07998, 대한민국"",""address"":{""shop"":""스파리움 현대백화점 목동점"",""house_number"":""257"",""road"":""목동동로"",""suburb"":""목1동"",""borough"":""양천구"",""city"":""서울특별시"",""ISO3166-2-lvl4"":""KR-11"",""postcode"":""07998"",""country"":""대한민국"",""country_code"":""kr""},""boundingbox"":[""37.5270542"",""37.5271542"",""126.8753776"",""126.8754776""]},{""place_id"":418122866,""licence"":""Data © OpenStreetMap contributors, ODbL 1.0. http://osm.org/copyright"",""osm_type"":""node"",""osm_id"":13851200212,""lat"":""37.5271042"",""lon"":""126.8754276"",""category"":""shop"",""type"":""hairdresser"",""place_rank"":30,""importance"":7.29800869763793e-05,""addresstype"":""shop"",""name"":""아이벨르"",""display_name"":""아이벨르, 257, 목동동로, 목1동, 양천구, 서울특별시, 07998, 대한민국"",""address"":{""shop"":""아이벨르"",""house_number"":""257"",""road"":""목동동로"",""suburb"":""목1동"",""borough"":""양천구"",""city"":""서울특별시"",""ISO3166-2-lvl4"":""KR-11"",""postcode"":""07998"",""country"":""대한민국"",""country_code"":""kr""},""boundingbox"":[""37.5270542"",""37.5271542"",""126.8753776"",""126.8754776""]}]"
S06,branch,서울특별시 강서구 화곡로 302,SUCCESS_EXACT_ADDRESS,Nominatim / OpenStreetMap,200,화곡로,302,강서구,서울특별시,kr,30,37.5506590,126.8497700,node,13890055375,강서구청,"강서구청, 302, 화곡로, 화곡6동, 강서구, 서울특별시, 07663, 대한민국",2026-09-11T00:39:25.297892+00:00,https://nominatim.openstreetmap.org/search?q=%EC%84%9C%EC%9A%B8%ED%8A%B9%EB%B3%84%EC%8B%9C+%EA%B0%95%EC%84%9C%EA%B5%AC+%ED%99%94%EA%B3%A1%EB%A1%9C+302&format=jsonv2&addressdetails=1&limit=3&countrycodes=kr&accept-language=ko,https://www.seoul.go.kr/seoul/autonomy.do,ODbL-1.0,© OpenStreetMap contributors,"[{""place_id"":419009427,""licence"":""Data © OpenStreetMap contributors, ODbL 1.0. http://osm.org/copyright"",""osm_type"":""node"",""osm_id"":13890055375,""lat"":""37.5506590"",""lon"":""126.8497700"",""category"":""amenity"",""type"":""bicycle_rental"",""place_rank"":30,""importance"":7.29800869763793e-05,""addresstype"":""amenity"",""name"":""강서구청"",""display_name"":""강서구청, 302, 화곡로, 화곡6동, 강서구, 서울특별시, 07663, 대한민국"",""address"":{""amenity"":""강서구청"",""house_number"":""302"",""road"":""화곡로"",""suburb"":""화곡6동"",""borough"":""강서구"",""city"":""서울특별시"",""ISO3166-2-lvl4"":""KR-11"",""postcode"":""07663"",""country"":""대한민국"",""country_code"":""kr""},""boundingbox"":[""37.5506090"",""37.5507090"",""126.8497200"",""126.8498200""]}]"
S07,branch,서울특별시 구로구 가마산로 245,SUCCESS_EXACT_ADDRESS,Nominatim / OpenStreetMap,200,가마산로,245,구로구,서울특별시,kr,30,37.4955112,126.8882948,node,13872630571,,"245, 가마산로, 구로동, 구로2동, 구로구, 서울특별시, 08307, 대한민국",2026-09-11T00:39:26.793374+00:00,https://nominatim.openstreetmap.org/search?q=%EC%84%9C%EC%9A%B8%ED%8A%B9%EB%B3%84%EC%8B%9C+%EA%B5%AC%EB%A1%9C%EA%B5%AC+%EA%B0%80%EB%A7%88%EC%82%B0%EB%A1%9C+245&format=jsonv2&addressdetails=1&limit=3&countrycodes=kr&accept-language=ko,https://www.seoul.go.kr/seoul/autonomy.do,ODbL-1.0,© OpenStreetMap contributors,"[{""place_id"":418864581,""licence"":""Data © OpenStreetMap contributors, ODbL 1.0. http://osm.org/copyright"",""osm_type"":""node"",""osm_id"":13872630571,""lat"":""37.4955112"",""lon"":""126.8882948"",""category"":""amenity"",""type"":""waste_basket"",""place_rank"":30,""importance"":7.29800869763793e-05,""addresstype"":""amenity"",""name"":"""",""display_name"":""245, 가마산로, 구로동, 구로2동, 구로구, 서울특별시, 08307, 대한민국"",""address"":{""house_number"":""245"",""road"":""가마산로"",""quarter"":""구로동"",""suburb"":""구로2동"",""borough"":""구로구"",""city"":""서울특별시"",""ISO3166-2-lvl4"":""KR-11"",""postcode"":""08307"",""country"":""대한민국"",""country_code"":""kr""},""boundingbox"":[""37.4954612"",""37.4955612"",""126.8882448"",""126.8883448""]}]"
S08,branch,서울특별시 금천구 시흥대로73길 70,SUCCESS_EXACT_ADDRESS,Nominatim / OpenStreetMap,200,시흥대로73길,70,금천구,서울특별시,kr,30,37.4568996,126.8953809,way,385824308,금천구청,"금천구청, 70, 시흥대로73길, 시흥1동, 금천구, 서울특별시, 08611, 대한민국",2026-09-11T00:39:28.401660+00:00,https://nominatim.openstreetmap.org/search?q=%EC%84%9C%EC%9A%B8%ED%8A%B9%EB%B3%84%EC%8B%9C+%EA%B8%88%EC%B2%9C%EA%B5%AC+%EC%8B%9C%ED%9D%A5%EB%8C%80%EB%A1%9C73%EA%B8%B8+70&format=jsonv2&addressdetails=1&limit=3&countrycodes=kr&accept-language=ko,https://www.seoul.go.kr/seoul/autonomy.do,ODbL-1.0,© OpenStreetMap contributors,"[{""place_id"":220147539,""licence"":""Data © OpenStreetMap contributors, ODbL 1.0. http://osm.org/copyright"",""osm_type"":""way"",""osm_id"":385824308,""lat"":""37.4568996"",""lon"":""126.8953809"",""category"":""office"",""type"":""government"",""place_rank"":30,""importance"":7.29800869763793e-05,""addresstype"":""office"",""name"":""금천구청"",""display_name"":""금천구청, 70, 시흥대로73길, 시흥1동, 금천구, 서울특별시, 08611, 대한민국"",""address"":{""office"":""금천구청"",""house_number"":""70"",""road"":""시흥대로73길"",""suburb"":""시흥1동"",""borough"":""금천구"",""city"":""서울특별시"",""ISO3166-2-lvl4"":""KR-11"",""postcode"":""08611"",""country"":""대한민국"",""country_code"":""kr""},""boundingbox"":[""37.4566775"",""37.4570934"",""126.8949209"",""126.8957757""]},{""place_id"":222843799,""licence"":""Data © OpenStreetMap contributors, ODbL 1.0. http://osm.org/copyright"",""osm_type"":""way"",""osm_id"":385824309,""lat"":""37.4565729"",""lon"":""126.8960236"",""category"":""amenity"",""type"":""theatre"",""place_rank"":30,""importance"":7.29800869763793e-05,""addresstype"":""amenity"",""name"":""금나래아트홀"",""display_name"":""금나래아트홀, 70, 시흥대로73길, 시흥1동, 금천구, 서울특별시, 08611, 대한민국"",""address"":{""amenity"":""금나래아트홀"",""house_number"":""70"",""road"":""시흥대로73길"",""suburb"":""시흥1동"",""borough"":""금천구"",""city"":""서울특별시"",""ISO3166-2-lvl4"":""KR-11"",""postcode"":""08611"",""country"":""대한민국"",""country_code"":""kr""},""boundingbox"":[""37.4564088"",""37.4567296"",""126.8955985"",""126.8964444""]},{""place_id"":220147762,""licence"":""Data © OpenStreetMap contributors, ODbL 1.0. http://osm.org/copyright"",""osm_type"":""way"",""osm_id"":496108940,""lat"":""37.4570399"",""lon"":""126.8959035"",""category"":""amenity"",""type"":""clinic"",""place_rank"":30,""importance"":7.29800869763793e-05,""addresstype"":""amenity"",""name"":""금천구보건소"",""display_name"":""금천구보건소, 70, 시흥대로73길, 시흥1동, 금천구, 서울특별시, 08611, 대한민국"",""address"":{""amenity"":""금천구보건소"",""house_number"":""70"",""road"":""시흥대로73길"",""suburb"":""시흥1동"",""borough"":""금천구"",""city"":""서울특별시"",""ISO3166-2-lvl4"":""KR-11"",""postcode"":""08611"",""country"":""대한민국"",""country_code"":""kr""},""boundingbox"":[""37.4569255"",""37.4571894"",""126.8956918"",""126.8961373""]}]"
S09,branch,서울특별시 관악구 관악로 145,SUCCESS_EXACT_ADDRESS,Nominatim / OpenStreetMap,200,관악로,145,관악구,서울특별시,kr,30,37.4784684,126.9511015,way,173770024,관악구보건소,"관악구보건소, 145, 관악로, 건영아파트, 청룡동, 관악구, 서울특별시, 08832, 대한민국",2026-09-11T00:39:29.902933+00:00,https://nominatim.openstreetmap.org/search?q=%EC%84%9C%EC%9A%B8%ED%8A%B9%EB%B3%84%EC%8B%9C+%EA%B4%80%EC%95%85%EA%B5%AC+%EA%B4%80%EC%95%85%EB%A1%9C+145&format=jsonv2&addressdetails=1&limit=3&countrycodes=kr&accept-language=ko,https://www.seoul.go.kr/seoul/autonomy.do,ODbL-1.0,© OpenStreetMap contributors,"[{""place_id"":222387595,""licence"":""Data © OpenStreetMap contributors, ODbL 1.0. http://osm.org/copyright"",""osm_type"":""way"",""osm_id"":173770024,""lat"":""37.4784684"",""lon"":""126.9511015"",""category"":""building"",""type"":""hospital"",""place_rank"":30,""importance"":7.29800869763793e-05,""addresstype"":""building"",""name"":""관악구보건소"",""display_name"":""관악구보건소, 145, 관악로, 건영아파트, 청룡동, 관악구, 서울특별시, 08832, 대한민국"",""address"":{""building"":""관악구보건소"",""house_number"":""145"",""road"":""관악로"",""residential"":""건영아파트"",""suburb"":""청룡동"",""borough"":""관악구"",""city"":""서울특별시"",""ISO3166-2-lvl4"":""KR-11"",""postcode"":""08832"",""country"":""대한민국"",""country_code"":""kr""},""boundingbox"":[""37.4782688"",""37.4786669"",""126.9509738"",""126.9512000""]},{""place_id"":222426915,""licence"":""Data © OpenStreetMap contributors, ODbL 1.0. http://osm.org/copyright"",""osm_type"":""way"",""osm_id"":605760858,""lat"":""37.4786083"",""lon"":""126.9508875"",""category"":""building"",""type"":""hospital"",""place_rank"":30,""importance"":7.29800869763793e-05,""addresstype"":""building"",""name"":""관악구청 별관 1"",""display_name"":""관악구청 별관 1, 145, 관악로, 건영아파트, 청룡동, 관악구, 서울특별시, 08832, 대한민국"",""address"":{""building"":""관악구청 별관 1"",""house_number"":""145"",""road"":""관악로"",""residential"":""건영아파트"",""suburb"":""청룡동"",""borough"":""관악구"",""city"":""서울특별시"",""ISO3166-2-lvl4"":""KR-11"",""postcode"":""08832"",""country"":""대한민국"",""country_code"":""kr""},""boundingbox"":[""37.4785247"",""37.4786920"",""126.9507714"",""126.9510037""]},{""place_id"":222742993,""licence"":""Data © OpenStreetMap contributors, ODbL 1.0. http://osm.org/copyright"",""osm_type"":""node"",""osm_id"":12466360093,""lat"":""37.4781549"",""lon"":""126.9514847"",""category"":""amenity"",""type"":""clinic"",""place_rank"":30,""importance"":7.29800869763793e-05,""addresstype"":""amenity"",""name"":""관악구보건소"",""display_name"":""관악구보건소, 145, 관악로, 건영아파트, 청룡동, 관악구, 서울특별시, 08832, 대한민국"",""address"":{""amenity"":""관악구보건소"",""house_number"":""145"",""road"":""관악로"",""residential"":""건영아파트"",""suburb"":""청룡동"",""borough"":""관악구"",""city"":""서울특별시"",""ISO3166-2-lvl4"":""KR-11"",""postcode"":""08832"",""country"":""대한민국"",""country_code"":""kr""},""boundingbox"":[""37.4781049"",""37.4782049"",""126.9514347"",""126.9515347""]}]"
S10,branch,서울특별시 서초구 남부순환로 2584,SUCCESS_EXACT_ADDRESS,Nominatim / OpenStreetMap,200,남부순환로,2584,서초구,서울특별시,kr,30,37.4836087,127.0327736,node,1913831587,서초구청,"서초구청, 2584, 남부순환로, 서초2동, 서초구, 서울특별시, 06750, 대한민국",2026-09-11T00:39:31.946686+00:00,https://nominatim.openstreetmap.org/search?q=%EC%84%9C%EC%9A%B8%ED%8A%B9%EB%B3%84%EC%8B%9C+%EC%84%9C%EC%B4%88%EA%B5%AC+%EB%82%A8%EB%B6%80%EC%88%9C%ED%99%98%EB%A1%9C+2584&format=jsonv2&addressdetails=1&limit=3&countrycodes=kr&accept-language=ko,https://www.seoul.go.kr/seoul/autonomy.do,ODbL-1.0,© OpenStreetMap contributors,"[{""place_id"":221228384,""licence"":""Data © OpenStreetMap contributors, ODbL 1.0. http://osm.org/copyright"",""osm_type"":""way"",""osm_id"":177342856,""lat"":""37.4835926"",""lon"":""127.0334589"",""category"":""amenity"",""type"":""clinic"",""place_rank"":30,""importance"":7.29800869763793e-05,""addresstype"":""amenity"",""name"":""서초구보건소"",""display_name"":""서초구보건소, 2584, 남부순환로, 서초2동, 서초구, 서울특별시, 06750, 대한민국"",""address"":{""amenity"":""서초구보건소"",""house_number"":""2584"",""road"":""남부순환로"",""suburb"":""서초2동"",""borough"":""서초구"",""city"":""서울특별시"",""ISO3166-2-lvl4"":""KR-11"",""postcode"":""06750"",""country"":""대한민국"",""country_code"":""kr""},""boundingbox"":[""37.4834659"",""37.4837191"",""127.0332599"",""127.0336596""]},{""place_id"":221236935,""licence"":""Data © OpenStreetMap contributors, ODbL 1.0. http://osm.org/copyright"",""osm_type"":""node"",""osm_id"":1913831587,""lat"":""37.4836087"",""lon"":""127.0327736"",""category"":""amenity"",""type"":""townhall"",""place_rank"":30,""importance"":7.29800869763793e-05,""addresstype"":""amenity"",""name"":""서초구청"",""display_name"":""서초구청, 2584, 남부순환로, 서초2동, 서초구, 서울특별시, 06750, 대한민국"",""address"":{""amenity"":""서초구청"",""house_number"":""2584"",""road"":""남부순환로"",""suburb"":""서초2동"",""borough"":""서초구"",""city"":""서울특별시"",""ISO3166-2-lvl4"":""KR-11"",""postcode"":""06750"",""country"":""대한민국"",""country_code"":""kr""},""boundingbox"":[""37.4835587"",""37.4836587"",""127.0327236"",""127.0328236""]}]"
S11,branch,서울특별시 강남구 압구정로 165,SUCCESS_EXACT_ADDRESS,Nominatim / OpenStreetMap,200,압구정로,165,강남구,서울특별시,kr,30,37.5273929,127.0275065,way,417343936,현대,"현대, 165, 압구정로, 신사동, 압구정동, 강남구, 서울특별시, 06001, 대한민국",2026-09-11T00:40:38.180275+00:00,https://nominatim.openstreetmap.org/search?q=%EC%84%9C%EC%9A%B8%ED%8A%B9%EB%B3%84%EC%8B%9C+%EA%B0%95%EB%82%A8%EA%B5%AC+%EC%95%95%EA%B5%AC%EC%A0%95%EB%A1%9C+165&format=jsonv2&addressdetails=1&limit=3&countrycodes=kr&accept-language=ko,https://e-hyundai.com/newPortal/CS/CS006000_M.do,ODbL-1.0,© OpenStreetMap contributors,"[{""place_id"":222328814,""licence"":""Data © OpenStreetMap contributors, ODbL 1.0. http://osm.org/copyright"",""osm_type"":""way"",""osm_id"":417343936,""lat"":""37.5273929"",""lon"":""127.0275065"",""category"":""shop"",""type"":""department_store"",""place_rank"":30,""importance"":7.29800869763793e-05,""addresstype"":""shop"",""name"":""현대"",""display_name"":""현대, 165, 압구정로, 신사동, 압구정동, 강남구, 서울특별시, 06001, 대한민국"",""address"":{""shop"":""현대"",""house_number"":""165"",""road"":""압구정로"",""quarter"":""신사동"",""borough"":""강남구"",""city"":""서울특별시"",""ISO3166-2-lvl4"":""KR-11"",""postcode"":""06001"",""country"":""대한민국"",""country_code"":""kr""},""boundingbox"":[""37.5269818"",""37.5278067"",""127.0269777"",""127.0280315""]},{""place_id"":222080727,""licence"":""Data © OpenStreetMap contributors, ODbL 1.0. http://osm.org/copyright"",""osm_type"":""node"",""osm_id"":12074644548,""lat"":""37.5274942"",""lon"":""127.0277369"",""category"":""amenity"",""type"":""restaurant"",""place_rank"":30,""importance"":7.29800869763793e-05,""addresstype"":""amenity"",""name"":""도원스타일 압구정점"",""display_name"":""도원스타일 압구정점, 165, 압구정로, 신사동, 압구정동, 강남구, 서울특별시, 06001, 대한민국"",""address"":{""amenity"":""도원스타일 압구정점"",""house_number"":""165"",""road"":""압구정로"",""quarter"":""신사동"",""borough"":""강남구"",""city"":""서울특별시"",""ISO3166-2-lvl4"":""KR-11"",""postcode"":""06001"",""country"":""대한민국"",""country_code"":""kr""},""boundingbox"":[""37.5274442"",""37.5275442"",""127.0276869"",""127.0277869""]},{""place_id"":222143009,""licence"":""Data © OpenStreetMap contributors, ODbL 1.0. http://osm.org/copyright"",""osm_type"":""node"",""osm_id"":12074433356,""lat"":""37.5273191"",""lon"":""127.0274835"",""category"":""amenity"",""type"":""restaurant"",""place_rank"":30,""importance"":7.29800869763793e-05,""addresstype"":""amenity"",""name"":""톰딕슨카페(Tom Dixon Cafe)"",""display_name"":""톰딕슨카페(Tom Dixon Cafe), 165, 압구정로, 신사동, 압구정동, 강남구, 서울특별시, 06001, 대한민국"",""address"":{""amenity"":""톰딕슨카페(Tom Dixon Cafe)"",""house_number"":""165"",""road"":""압구정로"",""quarter"":""신사동"",""borough"":""강남구"",""city"":""서울특별시"",""ISO3166-2-lvl4"":""KR-11"",""postcode"":""06001"",""country"":""대한민국"",""country_code"":""kr""},""boundingbox"":[""37.5272691"",""37.5273691"",""127.0274335"",""127.0275335""]}]"
S12,branch,서울특별시 송파구 올림픽로 326,SUCCESS_EXACT_ADDRESS,Nominatim / OpenStreetMap,200,올림픽로,326,송파구,서울특별시,kr,30,37.5145656,127.1060321,way,357631365,송파구청,"송파구청, 326, 올림픽로, 신천동, 잠실6동, 송파구, 서울특별시, 05552, 대한민국",2026-09-11T00:39:36.129685+00:00,https://nominatim.openstreetmap.org/search?q=%EC%84%9C%EC%9A%B8%ED%8A%B9%EB%B3%84%EC%8B%9C+%EC%86%A1%ED%8C%8C%EA%B5%AC+%EC%98%AC%EB%A6%BC%ED%94%BD%EB%A1%9C+326&format=jsonv2&addressdetails=1&limit=3&countrycodes=kr&accept-language=ko,https://www.seoul.go.kr/seoul/autonomy.do,ODbL-1.0,© OpenStreetMap contributors,"[{""place_id"":221219155,""licence"":""Data © OpenStreetMap contributors, ODbL 1.0. http://osm.org/copyright"",""osm_type"":""way"",""osm_id"":357631365,""lat"":""37.5145656"",""lon"":""127.1060321"",""category"":""office"",""type"":""government"",""place_rank"":30,""importance"":0.5207749238717442,""addresstype"":""office"",""name"":""송파구청"",""display_name"":""송파구청, 326, 올림픽로, 신천동, 잠실6동, 송파구, 서울특별시, 05552, 대한민국"",""address"":{""office"":""송파구청"",""house_number"":""326"",""road"":""올림픽로"",""quarter"":""신천동"",""suburb"":""잠실6동"",""borough"":""송파구"",""city"":""서울특별시"",""ISO3166-2-lvl4"":""KR-11"",""postcode"":""05552"",""country"":""대한민국"",""country_code"":""kr""},""boundingbox"":[""37.5141173"",""37.5148325"",""127.1056380"",""127.1063508""]}]"
S13,branch,서울특별시 강동구 천호대로 1005,SUCCESS_EXACT_ADDRESS,Nominatim / OpenStreetMap,200,천호대로,1005,강동구,서울특별시,kr,30,37.5389380,127.1240730,node,13947203235,에즈블랑 현대백화점 천호점,"에즈블랑 현대백화점 천호점, 1005, 천호대로, 천호동, 천호2동, 강동구, 서울특별시, 05329, 대한민국",2026-09-11T00:40:39.568916+00:00,https://nominatim.openstreetmap.org/search?q=%EC%84%9C%EC%9A%B8%ED%8A%B9%EB%B3%84%EC%8B%9C+%EA%B0%95%EB%8F%99%EA%B5%AC+%EC%B2%9C%ED%98%B8%EB%8C%80%EB%A1%9C+1005&format=jsonv2&addressdetails=1&limit=3&countrycodes=kr&accept-language=ko,https://www.ehyundai.com/newPortal/DP/WC/WC000000_V.do?branchCd=B00126000,ODbL-1.0,© OpenStreetMap contributors,"[{""place_id"":421064154,""licence"":""Data © OpenStreetMap contributors, ODbL 1.0. http://osm.org/copyright"",""osm_type"":""node"",""osm_id"":13947203235,""lat"":""37.5389380"",""lon"":""127.1240730"",""category"":""shop"",""type"":""beauty"",""place_rank"":30,""importance"":7.29800869763793e-05,""addresstype"":""shop"",""name"":""에즈블랑 현대백화점 천호점"",""display_name"":""에즈블랑 현대백화점 천호점, 1005, 천호대로, 천호동, 천호2동, 강동구, 서울특별시, 05329, 대한민국"",""address"":{""shop"":""에즈블랑 현대백화점 천호점"",""house_number"":""1005"",""road"":""천호대로"",""quarter"":""천호동"",""suburb"":""천호2동"",""borough"":""강동구"",""city"":""서울특별시"",""ISO3166-2-lvl4"":""KR-11"",""postcode"":""05329"",""country"":""대한민국"",""country_code"":""kr""},""boundingbox"":[""37.5388880"",""37.5389880"",""127.1240230"",""127.1241230""]},{""place_id"":421417066,""licence"":""Data © OpenStreetMap contributors, ODbL 1.0. http://osm.org/copyright"",""osm_type"":""node"",""osm_id"":13956852387,""lat"":""37.5389750"",""lon"":""127.1244410"",""category"":""amenity"",""type"":""restaurant"",""place_rank"":30,""importance"":7.29800869763793e-05,""addresstype"":""amenity"",""name"":""고향전주비빔밥 천호점"",""display_name"":""고향전주비빔밥 천호점, 1005, 천호대로, 천호동, 천호2동, 강동구, 서울특별시, 05329, 대한민국"",""address"":{""amenity"":""고향전주비빔밥 천호점"",""house_number"":""1005"",""road"":""천호대로"",""quarter"":""천호동"",""suburb"":""천호2동"",""borough"":""강동구"",""city"":""서울특별시"",""ISO3166-2-lvl4"":""KR-11"",""postcode"":""05329"",""country"":""대한민국"",""country_code"":""kr""},""boundingbox"":[""37.5389250"",""37.5390250"",""127.1243910"",""127.1244910""]}]"
S14,branch,서울특별시 광진구 자양로 117,SUCCESS_EXACT_ADDRESS,Nominatim / OpenStreetMap,200,자양로,117,광진구,서울특별시,kr,30,37.5384976,127.0819157,way,175320336,광진구보건소,"광진구보건소, 117, 자양로, 자양1동, 광진구, 서울특별시, 05026, 대한민국",2026-09-11T00:39:39.777216+00:00,https://nominatim.openstreetmap.org/search?q=%EC%84%9C%EC%9A%B8%ED%8A%B9%EB%B3%84%EC%8B%9C+%EA%B4%91%EC%A7%84%EA%B5%AC+%EC%9E%90%EC%96%91%EB%A1%9C+117&format=jsonv2&addressdetails=1&limit=3&countrycodes=kr&accept-language=ko,https://www.gwangjin.go.kr/portal/bbs/B0000043/list.do?menuNo=200259&pageIndex=,ODbL-1.0,© OpenStreetMap contributors,"[{""place_id"":222952285,""licence"":""Data © OpenStreetMap contributors, ODbL 1.0. http://osm.org/copyright"",""osm_type"":""way"",""osm_id"":175320336,""lat"":""37.5384976"",""lon"":""127.0819157"",""category"":""amenity"",""type"":""clinic"",""place_rank"":30,""importance"":7.29800869763793e-05,""addresstype"":""amenity"",""name"":""광진구보건소"",""display_name"":""광진구보건소, 117, 자양로, 자양1동, 광진구, 서울특별시, 05026, 대한민국"",""address"":{""amenity"":""광진구보건소"",""house_number"":""117"",""road"":""자양로"",""suburb"":""자양1동"",""borough"":""광진구"",""city"":""서울특별시"",""ISO3166-2-lvl4"":""KR-11"",""postcode"":""05026"",""country"":""대한민국"",""country_code"":""kr""},""boundingbox"":[""37.5383495"",""37.5386457"",""127.0817872"",""127.0820441""]}]"
S15,branch,서울특별시 성동구 고산자로 270,SUCCESS_EXACT_ADDRESS,Nominatim / OpenStreetMap,200,고산자로,270,성동구,서울특별시,kr,30,37.5634661,127.0368984,way,473243419,성동구청,"성동구청, 270, 고산자로, 행당동, 행당1동, 성동구, 서울특별시, 04750, 대한민국",2026-09-11T00:39:41.786331+00:00,https://nominatim.openstreetmap.org/search?q=%EC%84%9C%EC%9A%B8%ED%8A%B9%EB%B3%84%EC%8B%9C+%EC%84%B1%EB%8F%99%EA%B5%AC+%EA%B3%A0%EC%82%B0%EC%9E%90%EB%A1%9C+270&format=jsonv2&addressdetails=1&limit=3&countrycodes=kr&accept-language=ko,https://www.seoul.go.kr/seoul/autonomy.do,ODbL-1.0,© OpenStreetMap contributors,"[{""place_id"":222175778,""licence"":""Data © OpenStreetMap contributors, ODbL 1.0. http://osm.org/copyright"",""osm_type"":""way"",""osm_id"":473243419,""lat"":""37.5634661"",""lon"":""127.0368984"",""category"":""amenity"",""type"":""townhall"",""place_rank"":30,""importance"":7.29800869763793e-05,""addresstype"":""amenity"",""name"":""성동구청"",""display_name"":""성동구청, 270, 고산자로, 행당동, 행당1동, 성동구, 서울특별시, 04750, 대한민국"",""address"":{""amenity"":""성동구청"",""house_number"":""270"",""road"":""고산자로"",""quarter"":""행당동"",""suburb"":""행당1동"",""borough"":""성동구"",""city"":""서울특별시"",""ISO3166-2-lvl4"":""KR-11"",""postcode"":""04750"",""country"":""대한민국"",""country_code"":""kr""},""boundingbox"":[""37.5630940"",""37.5637145"",""127.0365681"",""127.0372428""]}]"
S16,branch,서울특별시 동대문구 천호대로 145,SUCCESS_EXACT_ADDRESS,Nominatim / OpenStreetMap,200,천호대로,145,동대문구,서울특별시,kr,30,37.5745240,127.0396500,node,12466361610,동대문구보건소,"동대문구보건소, 145, 천호대로, 용두동, 용신동, 동대문구, 서울특별시, 02565, 대한민국",2026-09-11T00:39:44.393788+00:00,https://nominatim.openstreetmap.org/search?q=%EC%84%9C%EC%9A%B8%ED%8A%B9%EB%B3%84%EC%8B%9C+%EB%8F%99%EB%8C%80%EB%AC%B8%EA%B5%AC+%EC%B2%9C%ED%98%B8%EB%8C%80%EB%A1%9C+145&format=jsonv2&addressdetails=1&limit=3&countrycodes=kr&accept-language=ko,https://www.seoul.go.kr/seoul/autonomy.do,ODbL-1.0,© OpenStreetMap contributors,"[{""place_id"":222953824,""licence"":""Data © OpenStreetMap contributors, ODbL 1.0. http://osm.org/copyright"",""osm_type"":""node"",""osm_id"":12466361610,""lat"":""37.5745240"",""lon"":""127.0396500"",""category"":""amenity"",""type"":""clinic"",""place_rank"":30,""importance"":7.29800869763793e-05,""addresstype"":""amenity"",""name"":""동대문구보건소"",""display_name"":""동대문구보건소, 145, 천호대로, 용두동, 용신동, 동대문구, 서울특별시, 02565, 대한민국"",""address"":{""amenity"":""동대문구보건소"",""house_number"":""145"",""road"":""천호대로"",""quarter"":""용두동"",""suburb"":""용신동"",""borough"":""동대문구"",""city"":""서울특별시"",""ISO3166-2-lvl4"":""KR-11"",""postcode"":""02565"",""country"":""대한민국"",""country_code"":""kr""},""boundingbox"":[""37.5744740"",""37.5745740"",""127.0396000"",""127.0397000""]}]"
S17,branch,서울특별시 중랑구 봉화산로 179,SUCCESS_EXACT_ADDRESS,Nominatim / OpenStreetMap,200,봉화산로,179,중랑구,서울특별시,kr,30,37.6063242,127.0925842,node,12466360095,중랑구보건소,"중랑구보건소, 179, 봉화산로, 상봉동, 신내2동, 중랑구, 서울특별시, 02043, 대한민국",2026-09-11T00:39:46.398200+00:00,https://nominatim.openstreetmap.org/search?q=%EC%84%9C%EC%9A%B8%ED%8A%B9%EB%B3%84%EC%8B%9C+%EC%A4%91%EB%9E%91%EA%B5%AC+%EB%B4%89%ED%99%94%EC%82%B0%EB%A1%9C+179&format=jsonv2&addressdetails=1&limit=3&countrycodes=kr&accept-language=ko,https://www.seoul.go.kr/seoul/autonomy.do,ODbL-1.0,© OpenStreetMap contributors,"[{""place_id"":222677158,""licence"":""Data © OpenStreetMap contributors, ODbL 1.0. http://osm.org/copyright"",""osm_type"":""node"",""osm_id"":12466360095,""lat"":""37.6063242"",""lon"":""127.0925842"",""category"":""amenity"",""type"":""clinic"",""place_rank"":30,""importance"":7.29800869763793e-05,""addresstype"":""amenity"",""name"":""중랑구보건소"",""display_name"":""중랑구보건소, 179, 봉화산로, 상봉동, 신내2동, 중랑구, 서울특별시, 02043, 대한민국"",""address"":{""amenity"":""중랑구보건소"",""house_number"":""179"",""road"":""봉화산로"",""quarter"":""상봉동"",""suburb"":""신내2동"",""borough"":""중랑구"",""city"":""서울특별시"",""ISO3166-2-lvl4"":""KR-11"",""postcode"":""02043"",""country"":""대한민국"",""country_code"":""kr""},""boundingbox"":[""37.6062742"",""37.6063742"",""127.0925342"",""127.0926342""]},{""place_id"":418450984,""licence"":""Data © OpenStreetMap contributors, ODbL 1.0. http://osm.org/copyright"",""osm_type"":""node"",""osm_id"":13890055267,""lat"":""37.6061520"",""lon"":""127.0925980"",""category"":""amenity"",""type"":""bicycle_rental"",""place_rank"":30,""importance"":7.29800869763793e-05,""addresstype"":""amenity"",""name"":""중랑구청"",""display_name"":""중랑구청, 179, 봉화산로, 상봉동, 신내2동, 중랑구, 서울특별시, 02074, 대한민국"",""address"":{""amenity"":""중랑구청"",""house_number"":""179"",""road"":""봉화산로"",""quarter"":""상봉동"",""suburb"":""신내2동"",""borough"":""중랑구"",""city"":""서울특별시"",""ISO3166-2-lvl4"":""KR-11"",""postcode"":""02074"",""country"":""대한민국"",""country_code"":""kr""},""boundingbox"":[""37.6061020"",""37.6062020"",""127.0925480"",""127.0926480""]}]"
S18,branch,서울특별시 성북구 보문로 168,SUCCESS_EXACT_ADDRESS,Nominatim / OpenStreetMap,200,보문로,168,성북구,서울특별시,kr,30,37.5894684,127.0168275,node,13872630423,,"168, 보문로, 삼선동5가, 삼선동, 성북구, 서울특별시, 02862, 대한민국",2026-09-11T00:39:48.408142+00:00,https://nominatim.openstreetmap.org/search?q=%EC%84%9C%EC%9A%B8%ED%8A%B9%EB%B3%84%EC%8B%9C+%EC%84%B1%EB%B6%81%EA%B5%AC+%EB%B3%B4%EB%AC%B8%EB%A1%9C+168&format=jsonv2&addressdetails=1&limit=3&countrycodes=kr&accept-language=ko,https://www.seoul.go.kr/seoul/autonomy.do,ODbL-1.0,© OpenStreetMap contributors,"[{""place_id"":418089442,""licence"":""Data © OpenStreetMap contributors, ODbL 1.0. http://osm.org/copyright"",""osm_type"":""node"",""osm_id"":13872630423,""lat"":""37.5894684"",""lon"":""127.0168275"",""category"":""amenity"",""type"":""waste_basket"",""place_rank"":30,""importance"":7.29800869763793e-05,""addresstype"":""amenity"",""name"":"""",""display_name"":""168, 보문로, 삼선동5가, 삼선동, 성북구, 서울특별시, 02862, 대한민국"",""address"":{""house_number"":""168"",""road"":""보문로"",""quarter"":""삼선동5가"",""suburb"":""삼선동"",""borough"":""성북구"",""city"":""서울특별시"",""ISO3166-2-lvl4"":""KR-11"",""postcode"":""02862"",""country"":""대한민국"",""country_code"":""kr""},""boundingbox"":[""37.5894184"",""37.5895184"",""127.0167775"",""127.0168775""]},{""place_id"":418089460,""licence"":""Data © OpenStreetMap contributors, ODbL 1.0. http://osm.org/copyright"",""osm_type"":""node"",""osm_id"":13872630441,""lat"":""37.5894684"",""lon"":""127.0168218"",""category"":""amenity"",""type"":""recycling"",""place_rank"":30,""importance"":7.29800869763793e-05,""addresstype"":""amenity"",""name"":"""",""display_name"":""168, 보문로, 삼선동5가, 삼선동, 성북구, 서울특별시, 02862, 대한민국"",""address"":{""house_number"":""168"",""road"":""보문로"",""quarter"":""삼선동5가"",""suburb"":""삼선동"",""borough"":""성북구"",""city"":""서울특별시"",""ISO3166-2-lvl4"":""KR-11"",""postcode"":""02862"",""country"":""대한민국"",""country_code"":""kr""},""boundingbox"":[""37.5894184"",""37.5895184"",""127.0167718"",""127.0168718""]}]"
S19,branch,서울특별시 용산구 녹사평대로 150,SUCCESS_EXACT_ADDRESS,Nominatim / OpenStreetMap,200,녹사평대로,150,용산구,서울특별시,kr,30,37.5325270,126.9904900,node,12466361601,용산구보건소,"용산구보건소, 150, 녹사평대로, 이태원, 이태원1동, 용산구, 서울특별시, 04390, 대한민국",2026-09-11T00:39:50.422356+00:00,https://nominatim.openstreetmap.org/search?q=%EC%84%9C%EC%9A%B8%ED%8A%B9%EB%B3%84%EC%8B%9C+%EC%9A%A9%EC%82%B0%EA%B5%AC+%EB%85%B9%EC%82%AC%ED%8F%89%EB%8C%80%EB%A1%9C+150&format=jsonv2&addressdetails=1&limit=3&countrycodes=kr&accept-language=ko,https://www.seoul.go.kr/seoul/autonomy.do,ODbL-1.0,© OpenStreetMap contributors,"[{""place_id"":222646047,""licence"":""Data © OpenStreetMap contributors, ODbL 1.0. http://osm.org/copyright"",""osm_type"":""node"",""osm_id"":12466361601,""lat"":""37.5325270"",""lon"":""126.9904900"",""category"":""amenity"",""type"":""clinic"",""place_rank"":30,""importance"":7.29800869763793e-05,""addresstype"":""amenity"",""name"":""용산구보건소"",""display_name"":""용산구보건소, 150, 녹사평대로, 이태원, 이태원1동, 용산구, 서울특별시, 04390, 대한민국"",""address"":{""amenity"":""용산구보건소"",""house_number"":""150"",""road"":""녹사평대로"",""neighbourhood"":""이태원"",""suburb"":""이태원1동"",""borough"":""용산구"",""city"":""서울특별시"",""ISO3166-2-lvl4"":""KR-11"",""postcode"":""04390"",""country"":""대한민국"",""country_code"":""kr""},""boundingbox"":[""37.5324770"",""37.5325770"",""126.9904400"",""126.9905400""]},{""place_id"":416848744,""licence"":""Data © OpenStreetMap contributors, ODbL 1.0. http://osm.org/copyright"",""osm_type"":""node"",""osm_id"":13805210180,""lat"":""37.5324473"",""lon"":""126.9900859"",""category"":""amenity"",""type"":""theatre"",""place_rank"":30,""importance"":7.29800869763793e-05,""addresstype"":""amenity"",""name"":""용산아트홀 대극장 미르"",""display_name"":""용산아트홀 대극장 미르, 150, 녹사평대로, 용산동4가, 용산2가동, 용산구, 서울특별시, 04390, 대한민국"",""address"":{""amenity"":""용산아트홀 대극장 미르"",""house_number"":""150"",""road"":""녹사평대로"",""quarter"":""용산동4가"",""suburb"":""용산2가동"",""borough"":""용산구"",""city"":""서울특별시"",""ISO3166-2-lvl4"":""KR-11"",""postcode"":""04390"",""country"":""대한민국"",""country_code"":""kr""},""boundingbox"":[""37.5323973"",""37.5324973"",""126.9900359"",""126.9901359""]}]"
S20,branch,서울특별시 중구 남대문로 81,SUCCESS_EXACT_ADDRESS,Nominatim / OpenStreetMap,200,남대문로,81,중구,서울특별시,kr,30,37.5648738,126.9817344,way,233592424,롯데백화점,"롯데백화점, 81, 남대문로, 명동1가, 명동, 중구, 서울특별시, 04533, 대한민국",2026-09-11T00:40:41.785528+00:00,https://nominatim.openstreetmap.org/search?q=%EC%84%9C%EC%9A%B8%ED%8A%B9%EB%B3%84%EC%8B%9C+%EC%A4%91%EA%B5%AC+%EB%82%A8%EB%8C%80%EB%AC%B8%EB%A1%9C+81&format=jsonv2&addressdetails=1&limit=3&countrycodes=kr&accept-language=ko,https://mw.lotteshopping.com/main,ODbL-1.0,© OpenStreetMap contributors,"[{""place_id"":223593233,""licence"":""Data © OpenStreetMap contributors, ODbL 1.0. http://osm.org/copyright"",""osm_type"":""way"",""osm_id"":233592424,""lat"":""37.5648738"",""lon"":""126.9817344"",""category"":""shop"",""type"":""department_store"",""place_rank"":30,""importance"":7.29800869763793e-05,""addresstype"":""shop"",""name"":""롯데백화점"",""display_name"":""롯데백화점, 81, 남대문로, 명동1가, 명동, 중구, 서울특별시, 04533, 대한민국"",""address"":{""shop"":""롯데백화점"",""house_number"":""81"",""road"":""남대문로"",""quarter"":""명동1가"",""suburb"":""명동"",""borough"":""중구"",""city"":""서울특별시"",""ISO3166-2-lvl4"":""KR-11"",""postcode"":""04533"",""country"":""대한민국"",""country_code"":""kr""},""boundingbox"":[""37.5644098"",""37.5654473"",""126.9812593"",""126.9822037""]},{""place_id"":223113587,""licence"":""Data © OpenStreetMap contributors, ODbL 1.0. http://osm.org/copyright"",""osm_type"":""node"",""osm_id"":12073118129,""lat"":""37.5646774"",""lon"":""126.9808542"",""category"":""amenity"",""type"":""restaurant"",""place_rank"":30,""importance"":7.29800869763793e-05,""addresstype"":""amenity"",""name"":""멜팅소울"",""display_name"":""멜팅소울, 81, 남대문로, 명동1가, 명동, 중구, 서울특별시, 04533, 대한민국"",""address"":{""amenity"":""멜팅소울"",""house_number"":""81"",""road"":""남대문로"",""quarter"":""명동1가"",""suburb"":""명동"",""borough"":""중구"",""city"":""서울특별시"",""ISO3166-2-lvl4"":""KR-11"",""postcode"":""04533"",""country"":""대한민국"",""country_code"":""kr""},""boundingbox"":[""37.5646274"",""37.5647274"",""126.9808042"",""126.9809042""]},{""place_id"":223676944,""licence"":""Data © OpenStreetMap contributors, ODbL 1.0. http://osm.org/copyright"",""osm_type"":""node"",""osm_id"":12074583310,""lat"":""37.5647863"",""lon"":""126.9815161"",""category"":""amenity"",""type"":""restaurant"",""place_rank"":30,""importance"":7.29800869763793e-05,""addresstype"":""amenity"",""name"":""완도보이 명동"",""display_name"":""완도보이 명동, 81, 남대문로, 명동1가, 명동, 중구, 서울특별시, 04533, 대한민국"",""address"":{""amenity"":""완도보이 명동"",""house_number"":""81"",""road"":""남대문로"",""quarter"":""명동1가"",""suburb"":""명동"",""borough"":""중구"",""city"":""서울특별시"",""ISO3166-2-lvl4"":""KR-11"",""postcode"":""04533"",""country"":""대한민국"",""country_code"":""kr""},""boundingbox"":[""37.5647363"",""37.5648363"",""126.9814661"",""126.9815661""]}]"
